date,count,total_count,ratio
1/1/2015,373,25611,0.014564055
1/2/2015,387,31932,0.012119504
1/3/2015,289,24646,0.011726041
1/4/2015,322,25513,0.012621017
1/5/2015,567,39982,0.014181382
1/6/2015,626,42366,0.014776
1/7/2015,507,45163,0.011226004
1/8/2015,521,44928,0.011596332
1/9/2015,531,44041,0.012056947
1/10/2015,346,29093,0.011892895
1/11/2015,364,27955,0.013020926
1/12/2015,614,43457,0.014128909
1/13/2015,636,51576,0.012331317
1/14/2015,576,48413,0.011897631
1/15/2015,585,49377,0.011847621
1/16/2015,512,45452,0.011264631
1/17/2015,338,28939,0.01167974
1/18/2015,340,30206,0.011256042
1/19/2015,539,44368,0.012148395
1/20/2015,692,49347,0.014023142
1/21/2015,786,51083,0.015386724
1/22/2015,738,50193,0.014703245
1/23/2015,648,47205,0.013727359
1/24/2015,360,30089,0.011964505
1/25/2015,519,30105,0.017239661
1/26/2015,673,46099,0.014599015
1/27/2015,493,48487,0.010167674
1/28/2015,653,49770,0.013120354
1/29/2015,583,49090,0.011876146
1/30/2015,579,44670,0.012961719
1/31/2015,425,29935,0.014197428
2/1/2015,440,31250,0.01408
2/2/2015,591,46496,0.012710771
2/3/2015,535,50532,0.010587351
2/4/2015,678,49699,0.013642126
2/5/2015,616,49763,0.012378675
2/6/2015,608,45064,0.013491923
2/7/2015,569,29532,0.019267236
2/8/2015,508,31214,0.016274749
2/9/2015,741,46647,0.015885266
2/10/2015,1062,48866,0.021732902
2/11/2015,691,47312,0.014605174
2/12/2015,673,44525,0.015115104
2/13/2015,527,44469,0.011850952
2/14/2015,354,29014,0.012201006
2/15/2015,426,30365,0.01402931
2/16/2015,541,42032,0.012871146
2/17/2015,511,45812,0.011154283
2/18/2015,502,47649,0.010535373
2/19/2015,498,45210,0.011015262
2/20/2015,485,44937,0.010792888
2/21/2015,325,28889,0.011249957
2/22/2015,338,30367,0.011130504
2/23/2015,560,45148,0.01240365
2/24/2015,546,50351,0.010843876
2/25/2015,556,50482,0.011013827
2/26/2015,504,48096,0.010479042
2/27/2015,499,45288,0.011018371
2/28/2015,457,29961,0.015253162
3/1/2015,442,29731,0.014866638
3/2/2015,699,47052,0.014855904
3/3/2015,632,49086,0.012875362
3/4/2015,510,48608,0.0104921
3/5/2015,440,47250,0.009312169
3/6/2015,361,43274,0.008342192
3/7/2015,323,29097,0.011100801
3/8/2015,324,28383,0.011415284
3/9/2015,458,44765,0.010231207
3/10/2015,543,49300,0.011014199
3/11/2015,464,48071,0.009652389
3/12/2015,461,49642,0.009286491
3/13/2015,423,44449,0.009516525
3/14/2015,307,28888,0.01062725
3/15/2015,420,31120,0.013496144
3/16/2015,588,43859,0.013406598
3/17/2015,817,48949,0.016690841
3/18/2015,800,49736,0.016084928
3/19/2015,678,47424,0.014296559
3/20/2015,524,45633,0.011482918
3/21/2015,309,28017,0.011029018
3/22/2015,562,27900,0.020143369
3/23/2015,791,39900,0.019824561
3/24/2015,594,46977,0.012644486
3/25/2015,610,47498,0.012842646
3/26/2015,606,47964,0.012634476
3/27/2015,643,45871,0.014017571
3/28/2015,533,28719,0.018559142
3/29/2015,604,29113,0.020746745
3/30/2015,634,42132,0.015047945
3/31/2015,592,47423,0.012483394
4/1/2015,611,48697,0.012546974
4/2/2015,498,45477,0.01095059
4/3/2015,432,37789,0.011431898
4/4/2015,307,28126,0.010915167
4/5/2015,315,26625,0.011830986
4/6/2015,495,41793,0.011844089
4/7/2015,553,47688,0.011596209
4/8/2015,527,48590,0.010845853
4/9/2015,514,48911,0.010508883
4/10/2015,471,45137,0.010434898
4/11/2015,394,27601,0.014274845
4/12/2015,404,30294,0.013335974
4/13/2015,662,43916,0.015074233
4/14/2015,549,48662,0.011281904
4/15/2015,612,51369,0.0119138
4/16/2015,505,44825,0.011266035
4/17/2015,449,41002,0.010950685
4/18/2015,329,28800,0.011423611
4/19/2015,329,29544,0.011135933
4/20/2015,503,45486,0.011058348
4/21/2015,475,47723,0.009953272
4/22/2015,448,48890,0.009163428
4/23/2015,580,49964,0.011608358
4/24/2015,413,45177,0.00914182
4/25/2015,284,29812,0.009526365
4/26/2015,311,29796,0.010437643
4/27/2015,501,46688,0.010730809
4/28/2015,446,49978,0.008923927
4/29/2015,461,50277,0.009169203
4/30/2015,463,47841,0.009677891
5/1/2015,386,39039,0.009887548
5/2/2015,257,28933,0.008882591
5/3/2015,301,29152,0.010325192
5/4/2015,474,43852,0.010809085
5/5/2015,570,49336,0.01155343
5/6/2015,593,49419,0.011999433
5/7/2015,649,50108,0.012952024
5/8/2015,698,45801,0.015239842
5/9/2015,302,29506,0.010235206
5/10/2015,409,29535,0.013847977
5/11/2015,563,46973,0.011985609
5/12/2015,424,50083,0.008465947
5/13/2015,503,50044,0.010051155
5/14/2015,454,48223,0.009414595
5/15/2015,478,47894,0.009980373
5/16/2015,292,28647,0.010193039
5/17/2015,319,30533,0.010447712
5/18/2015,435,46568,0.009341178
5/19/2015,451,50343,0.008958544
5/20/2015,472,52280,0.009028309
5/21/2015,434,48571,0.008935373
5/22/2015,427,45038,0.009480883
5/23/2015,305,29143,0.010465635
5/24/2015,438,30765,0.014236958
5/25/2015,437,37402,0.011683867
5/26/2015,503,48860,0.01029472
5/27/2015,560,50282,0.011137186
5/28/2015,488,49423,0.009873945
5/29/2015,511,45253,0.011292069
5/30/2015,318,29391,0.010819639
5/31/2015,305,29418,0.010367802
6/1/2015,450,49571,0.009077888
6/2/2015,610,49617,0.012294173
6/3/2015,510,49858,0.010229051
6/4/2015,577,49199,0.011727881
6/5/2015,470,45720,0.010279965
6/6/2015,412,29906,0.0137765
6/7/2015,466,31985,0.014569329
6/8/2015,617,47629,0.012954293
6/9/2015,516,49534,0.010417087
6/10/2015,430,49795,0.008635405
6/11/2015,439,49216,0.008919863
6/12/2015,394,43866,0.008981899
6/13/2015,285,29271,0.009736599
6/14/2015,296,30286,0.009773493
6/15/2015,577,49026,0.011769265
6/16/2015,463,51065,0.009066876
6/17/2015,443,51521,0.008598436
6/18/2015,457,49839,0.009169526
6/19/2015,409,48085,0.008505771
6/20/2015,221,30321,0.007288678
6/21/2015,238,29956,0.007944986
6/22/2015,433,48152,0.008992358
6/23/2015,381,50512,0.007542762
6/24/2015,431,52049,0.008280659
6/25/2015,516,51492,0.010020974
6/26/2015,443,49658,0.00892102
6/27/2015,300,30008,0.009997334
6/28/2015,305,30408,0.010030255
6/29/2015,634,51169,0.012390314
6/30/2015,484,53309,0.009079142
7/1/2015,446,52575,0.008483119
7/2/2015,444,50614,0.008772276
7/3/2015,374,40674,0.009195063
7/4/2015,224,29063,0.007707394
7/5/2015,301,30960,0.009722222
7/6/2015,415,48886,0.008489138
7/7/2015,387,50904,0.007602546
7/8/2015,438,52198,0.008391126
7/9/2015,426,49825,0.008549925
7/10/2015,355,48839,0.007268781
7/11/2015,234,30925,0.007566694
7/12/2015,319,31390,0.010162472
7/13/2015,666,51477,0.012937817
7/14/2015,444,49178,0.009028427
7/15/2015,511,52094,0.009809191
7/16/2015,429,51806,0.008280894
7/17/2015,397,46220,0.008589355
7/18/2015,235,27168,0.008649882
7/19/2015,256,28278,0.009052974
7/20/2015,536,48702,0.011005708
7/21/2015,484,49952,0.009689302
7/22/2015,442,52114,0.008481406
7/23/2015,446,51227,0.008706346
7/24/2015,446,46573,0.009576364
7/25/2015,310,29784,0.010408273
7/26/2015,300,31102,0.009645682
7/27/2015,429,47843,0.008966829
7/28/2015,497,50515,0.009838662
7/29/2015,429,49062,0.008744038
7/30/2015,412,45592,0.009036673
7/31/2015,455,47765,0.009525803
8/1/2015,262,29991,0.008735954
8/2/2015,361,30185,0.011959583
8/3/2015,510,47278,0.010787258
8/4/2015,510,49404,0.010323051
8/5/2015,436,50560,0.008623418
8/6/2015,529,51517,0.010268455
8/7/2015,546,48097,0.011352059
8/8/2015,295,30107,0.009798386
8/9/2015,415,30961,0.01340396
8/10/2015,508,48623,0.01044773
8/11/2015,467,50015,0.009337199
8/12/2015,488,51726,0.009434327
8/13/2015,511,50561,0.010106604
8/14/2015,458,47459,0.009650435
8/15/2015,310,31366,0.009883313
8/16/2015,333,30709,0.010843727
8/17/2015,589,48754,0.01208106
8/18/2015,525,50116,0.010475696
8/19/2015,457,50322,0.009081515
8/20/2015,701,50964,0.013754807
8/21/2015,598,47886,0.012487992
8/22/2015,341,29868,0.011416901
8/23/2015,286,31275,0.009144684
8/24/2015,474,49297,0.00961519
8/25/2015,541,50864,0.010636206
8/26/2015,476,50836,0.009363443
8/27/2015,570,52723,0.010811221
8/28/2015,477,47355,0.010072854
8/29/2015,359,31142,0.01152784
8/30/2015,344,32130,0.010706505
8/31/2015,493,50436,0.009774764
9/1/2015,495,50732,0.009757155
9/2/2015,491,52463,0.009358977
9/3/2015,569,52194,0.010901636
9/4/2015,431,46978,0.009174507
9/5/2015,397,31614,0.012557728
9/6/2015,324,30885,0.010490529
9/7/2015,515,42847,0.012019511
9/8/2015,620,52509,0.0118075
9/9/2015,634,53700,0.011806331
9/10/2015,565,54307,0.010403815
9/11/2015,557,50065,0.011125537
9/12/2015,454,32916,0.013792684
9/13/2015,407,33873,0.01201547
9/14/2015,594,53627,0.01107651
9/15/2015,709,59960,0.01182455
9/16/2015,544,59040,0.009214092
9/17/2015,693,58843,0.011777102
9/18/2015,587,53281,0.01101706
9/19/2015,385,34718,0.011089348
9/20/2015,596,36676,0.016250409
9/21/2015,710,56500,0.012566372
9/22/2015,626,57461,0.010894346
9/23/2015,515,57187,0.009005543
9/24/2015,439,57375,0.007651416
9/25/2015,625,53960,0.011582654
9/26/2015,355,35526,0.009992681
9/27/2015,433,34871,0.012417195
9/28/2015,706,57117,0.012360593
9/29/2015,591,58930,0.010028848
9/30/2015,685,60371,0.011346507
10/1/2015,590,58053,0.010163127
10/2/2015,541,53305,0.010149142
10/3/2015,359,35881,0.010005295
10/4/2015,397,36922,0.010752397
10/5/2015,734,57939,0.012668496
10/6/2015,662,59283,0.011166776
10/7/2015,736,60115,0.012243201
10/8/2015,722,59635,0.012106984
10/9/2015,705,54031,0.013048065
10/10/2015,522,35983,0.01450685
10/11/2015,649,35855,0.018100683
10/12/2015,795,53617,0.014827387
10/13/2015,659,57820,0.01139744
10/14/2015,715,58139,0.012298113
10/15/2015,850,59379,0.014314825
10/16/2015,650,53942,0.01204998
10/17/2015,474,34831,0.013608567
10/18/2015,474,35400,0.013389831
10/19/2015,914,57118,0.016001961
10/20/2015,943,58558,0.016103692
10/21/2015,709,58302,0.012160818
10/22/2015,633,57156,0.011074953
10/23/2015,657,53276,0.012332007
10/24/2015,466,33848,0.013767431
10/25/2015,720,35779,0.020123536
10/26/2015,955,57146,0.016711581
10/27/2015,823,58592,0.014046286
10/28/2015,716,59949,0.011943485
10/29/2015,843,59028,0.014281358
10/30/2015,790,54789,0.014418953
10/31/2015,542,36985,0.01465459
11/1/2015,652,36923,0.01765837
11/2/2015,851,56277,0.015121631
11/3/2015,1136,59521,0.019085701
11/4/2015,1200,59859,0.020047111
11/5/2015,992,60534,0.016387485
11/6/2015,720,54984,0.013094718
11/7/2015,675,34693,0.019456374
11/8/2015,964,36722,0.026251294
11/9/2015,1001,57713,0.017344446
11/10/2015,853,60710,0.014050404
11/11/2015,751,56353,0.013326708
11/12/2015,680,58050,0.01171404
11/13/2015,644,57471,0.011205652
11/14/2015,377,38117,0.0098906
11/15/2015,503,37914,0.013266867
11/16/2015,598,58090,0.010294371
11/17/2015,587,59349,0.009890647
11/18/2015,601,58443,0.010283524
11/19/2015,690,60294,0.011443925
11/20/2015,525,54296,0.009669221
11/21/2015,375,35705,0.010502731
11/22/2015,450,36232,0.01241996
11/23/2015,626,57500,0.010886957
11/24/2015,558,58971,0.009462278
11/25/2015,482,56181,0.008579413
11/26/2015,362,46637,0.007762077
11/27/2015,447,45725,0.009775834
11/28/2015,368,34640,0.010623557
11/29/2015,383,36776,0.010414401
11/30/2015,660,58916,0.01120239
12/1/2015,604,59325,0.010181205
12/2/2015,613,58154,0.010540977
12/3/2015,601,59624,0.010079834
12/4/2015,549,55050,0.009972752
12/5/2015,327,34798,0.009397092
12/6/2015,580,37506,0.015464192
12/7/2015,768,57528,0.013350021
12/8/2015,665,57964,0.011472638
12/9/2015,649,59634,0.010883053
12/10/2015,615,59708,0.010300127
12/11/2015,679,53914,0.012594131
12/12/2015,445,34476,0.01290753
12/13/2015,651,36079,0.018043737
12/14/2015,783,56940,0.013751317
12/15/2015,667,60733,0.010982497
12/16/2015,590,59813,0.009864076
12/17/2015,630,58677,0.010736745
12/18/2015,595,55233,0.010772545
12/19/2015,396,34275,0.011553611
12/20/2015,432,36244,0.011919214
12/21/2015,657,53701,0.012234409
12/22/2015,519,53723,0.009660667
12/23/2015,516,52131,0.009898141
12/24/2015,314,38930,0.008065759
12/25/2015,213,29091,0.007321852
12/26/2015,282,29335,0.00961309
12/27/2015,343,31602,0.010853743
12/28/2015,462,47161,0.00979623
12/29/2015,510,48025,0.010619469
12/30/2015,577,48780,0.011828618
12/31/2015,484,41258,0.011731058
1/1/2016,348,30588,0.011377011
1/2/2016,310,30560,0.010143979
1/3/2016,329,33166,0.009919797
1/4/2016,532,53486,0.009946528
1/5/2016,644,56067,0.011486258
1/6/2016,608,57005,0.010665731
1/7/2016,646,57695,0.011196811
1/8/2016,558,54635,0.010213233
1/9/2016,365,34455,0.010593528
1/10/2016,453,37097,0.01221123
1/11/2016,656,57826,0.011344378
1/12/2016,743,60105,0.0123617
1/13/2016,664,59831,0.011097926
1/14/2016,647,60022,0.010779381
1/15/2016,707,58433,0.012099327
1/16/2016,513,35986,0.014255544
1/17/2016,472,37075,0.012730951
1/18/2016,622,52472,0.011853941
1/19/2016,753,60339,0.012479491
1/20/2016,645,61448,0.01049668
1/21/2016,694,60672,0.011438555
1/22/2016,635,56423,0.011254276
1/23/2016,444,36268,0.012242197
1/24/2016,411,37637,0.010920105
1/25/2016,733,58036,0.012630092
1/26/2016,721,61439,0.011735217
1/27/2016,729,62843,0.011600337
1/28/2016,733,62106,0.011802402
1/29/2016,620,57791,0.010728314
1/30/2016,496,38229,0.012974443
1/31/2016,538,37936,0.01418178
2/1/2016,951,61567,0.015446587
2/2/2016,685,63931,0.010714677
2/3/2016,775,64469,0.012021282
2/4/2016,764,63537,0.01202449
2/5/2016,711,59796,0.011890427
2/6/2016,480,40560,0.01183432
2/7/2016,421,38071,0.011058286
2/8/2016,592,58382,0.010140112
2/9/2016,788,61122,0.012892248
2/10/2016,716,63731,0.011234721
2/11/2016,667,65254,0.010221596
2/12/2016,603,58091,0.010380265
2/13/2016,545,38842,0.014031203
2/14/2016,478,36202,0.01320369
2/15/2016,758,55640,0.013623293
2/16/2016,819,62268,0.013152823
2/17/2016,740,62985,0.011748829
2/18/2016,852,63879,0.013337717
2/19/2016,722,58716,0.012296478
2/20/2016,517,38597,0.013394823
2/21/2016,518,38361,0.013503298
2/22/2016,843,60099,0.014026856
2/23/2016,877,62686,0.013990365
2/24/2016,832,64720,0.012855377
2/25/2016,885,64726,0.013673022
2/26/2016,918,60205,0.015247903
2/27/2016,541,38287,0.014130122
2/28/2016,632,41252,0.015320469
2/29/2016,1000,61513,0.016256726
3/1/2016,1194,64592,0.018485261
3/2/2016,919,64840,0.01417335
3/3/2016,803,65438,0.012271157
3/4/2016,861,61346,0.014035145
3/5/2016,546,37928,0.014395697
3/6/2016,598,40481,0.014772362
3/7/2016,764,59937,0.012746717
3/8/2016,812,61334,0.013238987
3/9/2016,849,63365,0.013398564
3/10/2016,867,64358,0.013471519
3/11/2016,768,57951,0.013252575
3/12/2016,663,37852,0.017515587
3/13/2016,610,37320,0.016345123
3/14/2016,890,61460,0.014480963
3/15/2016,1151,65152,0.01766638
3/16/2016,919,64293,0.014293936
3/17/2016,766,66096,0.011589204
3/18/2016,778,58249,0.013356452
3/19/2016,519,36262,0.014312503
3/20/2016,660,37829,0.017446932
3/21/2016,896,58633,0.015281497
3/22/2016,858,61650,0.013917275
3/23/2016,753,56420,0.013346331
3/24/2016,705,56519,0.012473681
3/25/2016,544,48787,0.011150511
3/26/2016,394,33932,0.011611458
3/27/2016,405,35380,0.011447145
3/28/2016,754,52438,0.014378886
3/29/2016,767,60412,0.012696153
3/30/2016,812,62079,0.013080108
3/31/2016,853,60867,0.014014162
4/1/2016,751,57877,0.012975793
4/2/2016,451,37725,0.011954937
4/3/2016,591,40437,0.014615328
4/4/2016,993,60704,0.016358065
4/5/2016,1129,65280,0.01729473
4/6/2016,901,62264,0.014470641
4/7/2016,843,60961,0.013828513
4/8/2016,767,57043,0.013445997
4/9/2016,558,37535,0.014866125
4/10/2016,592,38533,0.015363455
4/11/2016,944,59176,0.015952413
4/12/2016,784,64127,0.01222574
4/13/2016,778,64229,0.012112908
4/14/2016,796,64344,0.012371006
4/15/2016,798,59703,0.013366163
4/16/2016,455,36872,0.012339987
4/17/2016,527,38396,0.013725388
4/18/2016,826,59249,0.013941164
4/19/2016,853,60630,0.014068943
4/20/2016,851,63733,0.01335258
4/21/2016,783,62023,0.012624349
4/22/2016,700,55817,0.012540982
4/23/2016,579,35872,0.016140723
4/24/2016,642,37004,0.017349476
4/25/2016,980,56079,0.017475347
4/26/2016,956,63105,0.015149354
4/27/2016,851,63920,0.013313517
4/28/2016,766,61984,0.012358028
4/29/2016,766,57856,0.013239768
4/30/2016,563,34175,0.016474031
5/1/2016,474,34845,0.013603099
5/2/2016,771,54261,0.0142091
5/3/2016,974,61858,0.01574574
5/4/2016,911,61403,0.014836409
5/5/2016,974,60540,0.016088537
5/6/2016,1124,58582,0.019186781
5/7/2016,605,30306,0.019963044
5/8/2016,659,38130,0.017282979
5/9/2016,1117,59144,0.018886108
5/10/2016,989,63917,0.015473192
5/11/2016,880,63194,0.013925373
5/12/2016,858,63917,0.013423659
5/13/2016,740,59494,0.012438229
5/14/2016,536,37503,0.01429219
5/15/2016,688,40765,0.016877223
5/16/2016,983,58093,0.016921144
5/17/2016,1000,61405,0.016285319
5/18/2016,997,63859,0.015612521
5/19/2016,1256,63259,0.019854882
5/20/2016,907,57619,0.015741335
5/21/2016,504,37242,0.013533108
5/22/2016,712,37709,0.018881434
5/23/2016,883,59766,0.014774286
5/24/2016,866,62737,0.013803657
5/25/2016,675,61699,0.01094021
5/26/2016,774,61964,0.012491124
5/27/2016,661,54889,0.012042486
5/28/2016,500,36434,0.013723445
5/29/2016,460,37755,0.012183817
5/30/2016,686,49627,0.01382312
5/31/2016,797,63430,0.012565032
6/1/2016,784,64801,0.012098579
6/2/2016,717,62979,0.011384747
6/3/2016,663,57893,0.011452162
6/4/2016,461,36060,0.012784248
6/5/2016,511,37612,0.01358609
6/6/2016,935,58581,0.015960806
6/7/2016,1008,62500,0.016128
6/8/2016,880,63364,0.013888012
6/9/2016,713,62183,0.011466156
6/10/2016,642,57091,0.011245205
6/11/2016,565,37001,0.015269858
6/12/2016,454,40841,0.01111628
6/13/2016,709,59034,0.012010028
6/14/2016,779,61540,0.012658434
6/15/2016,768,65472,0.011730205
6/16/2016,651,62659,0.010389569
6/17/2016,560,57219,0.009786959
6/18/2016,437,36129,0.012095547
6/19/2016,469,38079,0.0123165
6/20/2016,738,61287,0.012041705
6/21/2016,764,62141,0.01229462
6/22/2016,773,63672,0.012140344
6/23/2016,779,62149,0.012534393
6/24/2016,837,59329,0.014107772
6/25/2016,450,36292,0.012399427
6/26/2016,469,38547,0.012166965
6/27/2016,782,59074,0.013237634
6/28/2016,702,62709,0.011194565
6/29/2016,736,62639,0.011749868
6/30/2016,715,62928,0.011362192
7/1/2016,673,58162,0.011571129
7/2/2016,386,35512,0.010869565
7/3/2016,399,36125,0.011044983
7/4/2016,570,48281,0.011805886
7/5/2016,819,59989,0.013652503
7/6/2016,672,59866,0.011225069
7/7/2016,554,60814,0.009109744
7/8/2016,468,57108,0.008194999
7/9/2016,312,36581,0.008529018
7/10/2016,421,37139,0.011335793
7/11/2016,653,58217,0.011216655
7/12/2016,691,60203,0.011477833
7/13/2016,760,60058,0.012654434
7/14/2016,642,60074,0.01068682
7/15/2016,659,59961,0.010990477
7/16/2016,524,35942,0.014579044
7/17/2016,472,37195,0.012689878
7/18/2016,774,60954,0.0126981
7/19/2016,776,62900,0.012337043
7/20/2016,838,64960,0.012900246
7/21/2016,911,64095,0.014213277
7/22/2016,755,56819,0.013287809
7/23/2016,488,36308,0.013440564
7/24/2016,467,38529,0.01212074
7/25/2016,842,59905,0.014055588
7/26/2016,920,64288,0.014310602
7/27/2016,942,63971,0.014725422
7/28/2016,829,62534,0.013256788
7/29/2016,887,55928,0.015859677
7/30/2016,461,35648,0.012932002
7/31/2016,556,36704,0.015148213
8/1/2016,939,58977,0.015921461
8/2/2016,1097,61416,0.017861795
8/3/2016,1113,61260,0.018168462
8/4/2016,952,60578,0.015715276
8/5/2016,869,55878,0.015551738
8/6/2016,565,37386,0.015112609
8/7/2016,587,38831,0.015116788
8/8/2016,830,59927,0.013850184
8/9/2016,822,61260,0.013418217
8/10/2016,798,61517,0.012972024
8/11/2016,667,62957,0.010594533
8/12/2016,721,59179,0.012183376
8/13/2016,436,37615,0.011591121
8/14/2016,471,38358,0.012279055
8/15/2016,857,60943,0.014062321
8/16/2016,858,68671,0.012494357
8/17/2016,750,64090,0.011702294
8/18/2016,739,62284,0.011865005
8/19/2016,672,56362,0.011922927
8/20/2016,387,36075,0.010727651
8/21/2016,450,36423,0.012354831
8/22/2016,808,57594,0.014029239
8/23/2016,816,63280,0.01289507
8/24/2016,731,62867,0.011627722
8/25/2016,673,62058,0.010844694
8/26/2016,700,57987,0.012071671
8/27/2016,408,36429,0.011199868
8/28/2016,476,39798,0.0119604
8/29/2016,840,60140,0.013967409
8/30/2016,925,63926,0.014469856
8/31/2016,943,65631,0.01436821
9/1/2016,885,64097,0.013807198
9/2/2016,721,56995,0.012650232
9/3/2016,391,37824,0.010337352
9/4/2016,572,37900,0.015092348
9/5/2016,875,51347,0.017040918
9/6/2016,876,61651,0.014209015
9/7/2016,997,62913,0.015847281
9/8/2016,953,64114,0.014864148
9/9/2016,917,61301,0.014958973
9/10/2016,501,38748,0.0129297
9/11/2016,585,40696,0.014374877
9/12/2016,973,63147,0.015408491
9/13/2016,935,65654,0.014241326
9/14/2016,1042,64533,0.016146778
9/15/2016,1054,68314,0.015428755
9/16/2016,807,60333,0.013375765
9/17/2016,525,39955,0.013139782
9/18/2016,666,42197,0.015783113
9/19/2016,1008,63875,0.015780822
9/20/2016,855,66254,0.012904881
9/21/2016,943,69223,0.01362264
9/22/2016,934,66168,0.014115585
9/23/2016,935,61788,0.015132388
9/24/2016,536,39371,0.013614081
9/25/2016,590,40249,0.014658749
9/26/2016,1141,64546,0.017677315
9/27/2016,997,67203,0.014835647
9/28/2016,1036,66126,0.01566706
9/29/2016,876,66065,0.013259669
9/30/2016,906,60920,0.014871963
10/1/2016,626,38461,0.016276228
10/2/2016,711,41769,0.017022193
10/3/2016,963,61037,0.015777315
10/4/2016,1023,67465,0.015163418
10/5/2016,873,66183,0.013190699
10/6/2016,876,64318,0.013619826
10/7/2016,1048,59260,0.017684779
10/8/2016,634,39099,0.016215248
10/9/2016,799,43780,0.018250343
10/10/2016,940,61300,0.015334421
10/11/2016,949,63821,0.014869714
10/12/2016,925,64391,0.014365362
10/13/2016,981,66040,0.014854634
10/14/2016,991,61098,0.016219844
10/15/2016,779,41924,0.018581242
10/16/2016,719,40091,0.0179342
10/17/2016,1416,66305,0.021355856
10/18/2016,1626,66674,0.024387317
10/19/2016,1607,72496,0.02216674
10/20/2016,1687,67628,0.024945289
10/21/2016,1257,64668,0.019437744
10/22/2016,669,39497,0.016937995
10/23/2016,962,41279,0.023304828
10/24/2016,1392,63598,0.021887481
10/25/2016,1314,66948,0.019627173
10/26/2016,1145,68539,0.016705817
10/27/2016,1163,68332,0.017019844
10/28/2016,1182,62954,0.018775614
10/29/2016,803,39159,0.020506142
10/30/2016,773,39700,0.019471033
10/31/2016,1342,63209,0.021231154
11/1/2016,1305,65381,0.019959927
11/2/2016,1391,66536,0.020905976
11/3/2016,1589,67336,0.023598075
11/4/2016,1623,62107,0.02613232
11/5/2016,1047,40786,0.025670573
11/6/2016,1099,44201,0.024863691
11/7/2016,2372,67550,0.03511473
11/8/2016,3416,75313,0.045357375
11/9/2016,3335,76850,0.043396226
11/10/2016,1783,71028,0.025102776
11/11/2016,1320,61816,0.021353695
11/12/2016,832,40932,0.020326395
11/13/2016,944,46166,0.020447949
11/14/2016,1424,68296,0.020850416
11/15/2016,1809,76998,0.023494117
11/16/2016,1385,70675,0.019596746
11/17/2016,1302,70941,0.018353279
11/18/2016,1102,63703,0.017299028
11/19/2016,632,39690,0.015923406
11/20/2016,744,42553,0.017484079
11/21/2016,1115,64168,0.017376262
11/22/2016,960,67754,0.014168905
11/23/2016,999,65698,0.015205942
11/24/2016,675,54949,0.012284118
11/25/2016,772,52522,0.014698602
11/26/2016,693,39277,0.017643914
11/27/2016,745,41433,0.017980837
11/28/2016,1452,67205,0.021605535
11/29/2016,1392,70432,0.019763744
11/30/2016,1364,76209,0.017898149
12/1/2016,1288,73660,0.017485745
12/2/2016,1169,65686,0.017796791
12/3/2016,886,42365,0.02091349
12/4/2016,860,47468,0.018117469
12/5/2016,1570,71610,0.021924312
12/6/2016,1290,69938,0.018444908
12/7/2016,1120,69012,0.016229062
12/8/2016,1121,67662,0.016567645
12/9/2016,1248,63763,0.019572479
12/10/2016,974,40938,0.023792076
12/11/2016,879,44471,0.01976569
12/12/2016,1457,66510,0.02190648
12/13/2016,1325,71369,0.018565484
12/14/2016,1045,69762,0.014979502
12/15/2016,1257,71314,0.017626273
12/16/2016,1219,60997,0.019984589
12/17/2016,611,38063,0.016052334
12/18/2016,705,39729,0.017745224
12/19/2016,1157,61095,0.01893772
12/20/2016,673,44580,0.015096456
12/21/2016,811,61671,0.013150427
12/22/2016,746,61631,0.012104298
12/23/2016,689,53780,0.012811454
12/24/2016,467,33521,0.013931565
12/25/2016,265,31803,0.008332547
12/26/2016,599,43802,0.013675175
12/27/2016,753,53692,0.014024436
12/28/2016,759,55071,0.013782208
12/29/2016,897,52657,0.017034772
12/30/2016,982,51945,0.018904611
12/31/2016,649,35147,0.018465303
1/1/2017,464,35838,0.012947151
1/2/2017,722,49599,0.014556745
1/3/2017,852,63506,0.013416055
1/4/2017,1105,65185,0.016951753
1/5/2017,1199,67031,0.017887246
1/6/2017,1045,60776,0.017194287
1/7/2017,699,37584,0.01859834
1/8/2017,702,36291,0.019343639
1/9/2017,1064,67800,0.015693215
1/10/2017,1047,77080,0.01358329
1/11/2017,949,77504,0.012244529
1/12/2017,855,66870,0.012786003
1/13/2017,939,68692,0.013669714
1/14/2017,507,41212,0.012302242
1/15/2017,806,46966,0.017161351
1/16/2017,868,59697,0.014540094
1/17/2017,1125,71689,0.015692784
1/18/2017,1078,74733,0.014424685
1/19/2017,1015,74549,0.013615206
1/20/2017,831,72287,0.011495843
1/21/2017,787,45324,0.017363869
1/22/2017,710,44342,0.016011907
1/23/2017,1199,70602,0.016982522
1/24/2017,1045,73905,0.014139774
1/25/2017,1189,73771,0.016117445
1/26/2017,1000,69314,0.0144271
1/27/2017,888,64674,0.013730402
1/28/2017,670,44414,0.015085333
1/29/2017,723,47455,0.015235486
1/30/2017,955,73191,0.013048052
1/31/2017,943,76704,0.012294013
2/1/2017,983,79099,0.012427464
2/2/2017,1130,76610,0.014750033
2/3/2017,1044,69883,0.014939256
2/4/2017,687,42340,0.016225791
2/5/2017,689,44984,0.015316557
2/6/2017,1075,69521,0.015462954
2/7/2017,1126,73108,0.015401871
2/8/2017,1048,77063,0.013599263
2/9/2017,1137,74450,0.015271995
2/10/2017,972,68130,0.014266843
2/11/2017,821,43583,0.01883762
2/12/2017,732,45958,0.015927586
2/13/2017,1092,71912,0.015185226
2/14/2017,1280,74655,0.017145536
2/15/2017,1241,80786,0.015361573
2/16/2017,1091,75161,0.014515507
2/17/2017,951,66607,0.014277779
2/18/2017,678,45235,0.014988394
2/19/2017,850,45974,0.018488711
2/20/2017,992,63802,0.015548102
2/21/2017,1149,75161,0.015287184
2/22/2017,1469,85035,0.01727524
2/23/2017,1167,71359,0.016353929
2/24/2017,1080,66797,0.016168391
2/25/2017,749,43199,0.017338364
2/26/2017,692,46362,0.014926017
2/27/2017,937,69973,0.013390879
2/28/2017,832,71563,0.01162612
3/1/2017,973,75625,0.012866116
3/2/2017,1039,71810,0.014468737
3/3/2017,915,65837,0.01389796
3/4/2017,653,44243,0.014759397
3/5/2017,680,42751,0.015906061
3/6/2017,1037,71940,0.01441479
3/7/2017,1040,74672,0.013927577
3/8/2017,1001,73526,0.013614232
3/9/2017,982,74520,0.01317767
3/10/2017,1126,67473,0.016688157
3/11/2017,1323,43208,0.03061933
3/12/2017,902,40337,0.022361603
3/13/2017,1048,68362,0.015330154
3/14/2017,1410,72157,0.019540724
3/15/2017,1629,80303,0.020285668
3/16/2017,1353,74241,0.018224431
3/17/2017,1011,69210,0.014607716
3/18/2017,617,42254,0.014602168
3/19/2017,677,42298,0.016005485
3/20/2017,1125,67709,0.016615221
3/21/2017,1177,71664,0.016423867
3/22/2017,960,71595,0.013408758
3/23/2017,852,74552,0.011428265
3/24/2017,885,68396,0.012939353
3/25/2017,575,42134,0.013646936
3/26/2017,646,43245,0.014938143
3/27/2017,1037,70727,0.01466201
3/28/2017,945,74488,0.012686607
3/29/2017,839,74207,0.011306211
3/30/2017,1074,72102,0.014895565
3/31/2017,915,67426,0.013570433
4/1/2017,639,42769,0.014940728
4/2/2017,680,40146,0.016938176
4/3/2017,958,72491,0.013215434
4/4/2017,987,76847,0.012843702
4/5/2017,893,76735,0.011637454
4/6/2017,940,76836,0.012233849
4/7/2017,801,73562,0.010888774
4/8/2017,582,44845,0.012978035
4/9/2017,549,45552,0.01205216
4/10/2017,1034,70677,0.014629936
4/11/2017,879,74335,0.011824847
4/12/2017,1179,76834,0.015344769
4/13/2017,1054,71914,0.014656395
4/14/2017,703,57877,0.012146449
4/15/2017,716,47901,0.014947496
4/16/2017,672,41897,0.016039335
4/17/2017,1061,62735,0.016912409
4/18/2017,1403,73417,0.019110015
4/19/2017,1477,76846,0.019220259
4/20/2017,1383,74834,0.018480904
4/21/2017,1265,70635,0.017908969
4/22/2017,772,45001,0.017155174
4/23/2017,1030,46730,0.022041515
4/24/2017,1215,72691,0.016714586
4/25/2017,980,76866,0.01274946
4/26/2017,1178,77236,0.015251955
4/27/2017,1101,75490,0.014584713
4/28/2017,1050,73970,0.014194944
4/29/2017,702,46984,0.014941257
4/30/2017,656,44861,0.014622946
5/1/2017,1043,66058,0.015789155
5/2/2017,1145,77446,0.014784495
5/3/2017,1236,78673,0.0157106
5/4/2017,1373,79194,0.017337172
5/5/2017,1339,69475,0.01927312
5/6/2017,775,43827,0.017683163
5/7/2017,1248,46218,0.027002467
5/8/2017,1584,72182,0.021944529
5/9/2017,1264,79567,0.015885983
5/10/2017,1296,77547,0.016712445
5/11/2017,1353,77647,0.017425013
5/12/2017,992,71799,0.013816348
5/13/2017,611,45960,0.013294169
5/14/2017,788,46451,0.016964113
5/15/2017,1269,77976,0.016274238
5/16/2017,1030,77531,0.013285009
5/17/2017,1169,80426,0.014535101
5/18/2017,1023,78024,0.01311135
5/19/2017,1057,72369,0.014605701
5/20/2017,665,45669,0.0145613
5/21/2017,685,47425,0.014443859
5/22/2017,1068,72715,0.014687479
5/23/2017,910,77163,0.011793217
5/24/2017,1014,80677,0.012568638
5/25/2017,820,76482,0.010721477
5/26/2017,800,68386,0.011698301
5/27/2017,389,44907,0.008662347
5/28/2017,499,47617,0.010479451
5/29/2017,780,58590,0.013312852
5/30/2017,1024,74913,0.01366919
5/31/2017,852,80402,0.010596751
6/1/2017,981,79380,0.012358277
6/2/2017,743,70294,0.010569892
6/3/2017,606,44958,0.013479247
6/4/2017,561,35255,0.015912637
6/5/2017,1002,69355,0.014447408
6/6/2017,1100,76500,0.014379085
6/7/2017,1008,78699,0.012808295
6/8/2017,1128,75620,0.014916689
6/9/2017,1250,69922,0.017877063
6/10/2017,572,43102,0.013270846
6/11/2017,840,46114,0.018215726
6/12/2017,1017,69832,0.014563524
6/13/2017,1016,77204,0.01315994
6/14/2017,856,74180,0.011539499
6/15/2017,1093,78419,0.013937949
6/16/2017,800,66686,0.011996521
6/17/2017,433,41666,0.010392166
6/18/2017,656,43715,0.015006291
6/19/2017,1161,70485,0.01647159
6/20/2017,1067,74254,0.014369596
6/21/2017,1513,72113,0.02098096
6/22/2017,905,74581,0.012134458
6/23/2017,741,61121,0.012123493
6/24/2017,315,15265,0.020635441
6/25/2017,559,42019,0.013303506
6/26/2017,865,68236,0.012676593
6/27/2017,809,72362,0.011179901
6/28/2017,836,71564,0.011681851
6/29/2017,780,72809,0.010712961
6/30/2017,1061,66751,0.015894893
7/1/2017,478,42995,0.011117572
7/2/2017,398,41984,0.009479802
7/3/2017,767,62050,0.012360999
7/4/2017,596,58737,0.010146926
7/5/2017,766,69052,0.011093089
7/6/2017,967,74099,0.013050109
7/7/2017,974,66747,0.014592416
7/8/2017,628,42358,0.014826007
7/9/2017,611,43371,0.014087754
7/10/2017,843,69900,0.012060086
7/11/2017,774,74294,0.010418069
7/12/2017,893,73980,0.01207083
7/13/2017,970,74341,0.013047982
7/14/2017,785,66793,0.011752729
7/15/2017,733,51122,0.01433825
7/16/2017,661,45330,0.014581955
7/17/2017,943,69513,0.013565808
7/18/2017,866,77469,0.011178665
7/19/2017,985,75018,0.013130182
7/20/2017,936,73573,0.012722058
7/21/2017,715,66871,0.010692228
7/22/2017,553,47486,0.011645538
7/23/2017,432,43808,0.009861213
7/24/2017,782,68651,0.011390948
7/25/2017,812,79008,0.01027744
7/26/2017,876,76319,0.011478138
7/27/2017,952,75605,0.01259176
7/28/2017,1069,74746,0.014301769
7/29/2017,654,42821,0.01527288
7/30/2017,658,46091,0.014276106
7/31/2017,1115,71387,0.01561909
8/1/2017,949,78755,0.012050029
8/2/2017,1107,74865,0.014786616
8/3/2017,954,75247,0.012678246
8/4/2017,822,65994,0.012455678
8/5/2017,760,47153,0.016117744
8/6/2017,505,47128,0.010715498
8/7/2017,1006,73052,0.013771012
8/8/2017,1239,75070,0.016504596
8/9/2017,1090,76836,0.014186059
8/10/2017,858,74322,0.011544361
8/11/2017,772,71521,0.010794033
8/12/2017,598,47088,0.012699626
8/13/2017,567,49686,0.011411665
8/14/2017,681,71467,0.009528873
8/15/2017,987,81450,0.012117864
8/16/2017,886,75104,0.011796975
8/17/2017,798,78361,0.010183637
8/18/2017,638,68212,0.009353193
8/19/2017,422,45187,0.009338969
8/20/2017,432,51802,0.008339446
8/21/2017,737,75107,0.009812667
8/22/2017,675,78347,0.008615518
8/23/2017,878,76538,0.011471426
8/24/2017,699,72103,0.009694465
8/25/2017,701,72938,0.009610902
8/26/2017,441,46704,0.009442446
8/27/2017,427,47968,0.008901768
8/28/2017,619,78036,0.007932236
8/29/2017,582,75578,0.007700654
8/30/2017,643,76162,0.00844253
8/31/2017,732,83947,0.008719787
9/1/2017,858,70133,0.012233898
9/2/2017,479,45548,0.010516378
9/3/2017,527,46659,0.011294713
9/4/2017,964,65982,0.014610045
9/5/2017,886,77906,0.01137268
9/6/2017,927,77281,0.011995186
9/7/2017,896,76317,0.011740503
9/8/2017,767,66645,0.01150874
9/9/2017,387,44784,0.008641479
9/10/2017,439,46108,0.009521124
9/11/2017,714,70894,0.010071374
9/12/2017,1148,74113,0.01548986
9/13/2017,1020,82268,0.012398502
9/14/2017,828,79579,0.010404755
9/15/2017,961,76423,0.012574748
9/16/2017,498,49329,0.010095481
9/17/2017,588,54291,0.010830524
9/18/2017,929,77613,0.011969644
9/19/2017,1049,88005,0.011919777
9/20/2017,860,85133,0.010101841
9/21/2017,928,73426,0.012638575
9/22/2017,1258,77728,0.016184644
9/23/2017,909,62475,0.01454982
9/24/2017,924,52870,0.01747683
9/25/2017,1169,79551,0.014694976
9/26/2017,1028,78701,0.013062096
9/27/2017,1144,81087,0.014108303
9/28/2017,1030,77378,0.013311277
9/29/2017,747,75357,0.009912815
9/30/2017,409,45285,0.009031688
10/1/2017,536,52014,0.010304918
10/2/2017,746,73519,0.010147037
10/3/2017,984,80161,0.012275296
10/4/2017,843,71462,0.011796479
10/5/2017,817,74399,0.01098133
10/6/2017,778,73847,0.010535296
10/7/2017,491,46732,0.010506719
10/8/2017,415,50928,0.008148759
10/9/2017,772,75409,0.010237505
10/10/2017,924,76011,0.012156135
10/11/2017,883,86048,0.010261714
10/12/2017,869,76369,0.011378963
10/13/2017,857,73848,0.011604918
10/14/2017,520,50990,0.010198078
10/15/2017,901,54459,0.016544556
10/16/2017,1189,72234,0.016460393
10/17/2017,858,79023,0.010857598
10/18/2017,861,77814,0.011064847
10/19/2017,1070,71088,0.015051767
10/20/2017,909,70940,0.012813645
10/21/2017,671,47713,0.014063253
10/22/2017,819,50405,0.016248388
10/23/2017,1280,74621,0.017153348
10/24/2017,1117,77866,0.014345157
10/25/2017,1097,78653,0.013947338
10/26/2017,1250,76324,0.016377548
10/27/2017,1138,70497,0.016142531
10/28/2017,671,45953,0.014601876
10/29/2017,730,47587,0.015340324
10/30/2017,1130,78318,0.014428356
10/31/2017,1207,75613,0.015962864
11/1/2017,1082,78609,0.013764327
11/2/2017,998,78618,0.012694294
11/3/2017,1084,73763,0.014695715
11/4/2017,701,49126,0.01426943
11/5/2017,766,55856,0.013713836
11/6/2017,1189,77498,0.015342331
11/7/2017,1832,79167,0.023140955
11/8/2017,1864,77156,0.024158847
11/9/2017,1426,77215,0.018467914
11/10/2017,934,68677,0.013599895
11/11/2017,853,44849,0.019019376
11/12/2017,733,48706,0.015049481
11/13/2017,1067,79664,0.013393754
11/14/2017,1025,80385,0.012751135
11/15/2017,1587,83299,0.019051849
11/16/2017,1271,82604,0.015386664
11/17/2017,974,73494,0.013252783
11/18/2017,665,46289,0.014366264
11/19/2017,845,50798,0.016634513
11/20/2017,1203,74262,0.016199402
11/21/2017,1206,76138,0.01583966
11/22/2017,1161,77049,0.015068333
11/23/2017,688,61904,0.011113983
11/24/2017,865,62260,0.01389335
11/25/2017,669,49796,0.013434814
11/26/2017,750,48307,0.0155257
11/27/2017,1034,71201,0.014522268
11/28/2017,902,87092,0.010356864
11/29/2017,1025,88541,0.011576558
11/30/2017,890,79710,0.011165475
12/1/2017,1059,72557,0.014595422
12/2/2017,775,46829,0.016549574
12/3/2017,696,54377,0.012799529
12/4/2017,1010,76552,0.013193646
12/5/2017,1026,81429,0.012599934
12/6/2017,1213,89375,0.013572028
12/7/2017,1156,94009,0.012296695
12/8/2017,1268,85108,0.014898717
12/9/2017,939,60631,0.015487127
12/10/2017,771,59512,0.01295537
12/11/2017,1498,92492,0.016195995
12/12/2017,1402,93068,0.015064254
12/13/2017,1842,105401,0.017476115
12/14/2017,2130,97971,0.021741127
12/15/2017,1673,93891,0.017818534
12/16/2017,1007,59740,0.016856378
12/17/2017,1011,58984,0.017140241
12/18/2017,1799,88149,0.020408626
12/19/2017,1491,89419,0.016674309
12/20/2017,1590,92398,0.017208165
12/21/2017,1661,93878,0.017693176
12/22/2017,1182,79913,0.014791085
12/23/2017,763,53158,0.014353437
12/24/2017,593,49028,0.012095129
12/25/2017,516,46698,0.011049724
12/26/2017,902,69608,0.012958281
12/27/2017,1023,77020,0.013282264
12/28/2017,996,81577,0.012209324
12/29/2017,1078,72563,0.014856056
12/30/2017,769,51307,0.014988208
12/31/2017,708,52455,0.013497283
1/1/2018,818,53750,0.015218605
1/2/2018,1045,81340,0.012847308
1/3/2018,1318,89909,0.014659267
1/4/2018,1561,91080,0.017138779
1/5/2018,1027,86546,0.011866522
1/6/2018,705,61408,0.011480589
1/7/2018,753,60163,0.012515998
1/8/2018,1316,96044,0.013702053
1/9/2018,1193,97533,0.012231757
1/10/2018,1513,93019,0.016265494
1/11/2018,1358,99989,0.013581494
1/12/2018,1164,90784,0.012821643
1/13/2018,740,56465,0.013105464
1/14/2018,810,60679,0.013348935
1/15/2018,1236,90397,0.01367302
1/16/2018,1204,95490,0.01260865
1/17/2018,1262,100671,0.012535884
1/18/2018,1296,97997,0.013224895
1/19/2018,1404,83558,0.0168027
1/20/2018,1247,63309,0.019697041
1/21/2018,1309,60605,0.021598878
1/22/2018,1726,94558,0.018253347
1/23/2018,1424,101728,0.013998113
1/24/2018,1325,96667,0.013706849
1/25/2018,1194,95379,0.012518479
1/26/2018,1208,85622,0.014108524
1/27/2018,763,56266,0.013560587
1/28/2018,954,62388,0.015291402
1/29/2018,1549,92766,0.016697928
1/30/2018,2006,96372,0.020815175
1/31/2018,1683,97437,0.017272699
2/1/2018,1725,102440,0.016839125
2/2/2018,1391,89266,0.015582641
2/3/2018,744,59146,0.012579042
2/4/2018,845,59708,0.014152207
2/5/2018,1452,95609,0.015186855
2/6/2018,1497,96714,0.015478628
2/7/2018,1665,97657,0.017049469
2/8/2018,1618,97491,0.016596404
2/9/2018,1410,88207,0.015985126
2/10/2018,784,60189,0.013025636
2/11/2018,693,57585,0.012034384
2/12/2018,1271,91129,0.013947262
2/13/2018,1766,97419,0.018127881
2/14/2018,1570,94600,0.016596195
2/15/2018,1378,70678,0.019496873
2/16/2018,2029,90348,0.022457608
2/17/2018,1100,61070,0.018012117
2/18/2018,993,62592,0.015864647
2/19/2018,1590,83804,0.018972841
2/20/2018,1799,96246,0.018691686
2/21/2018,1601,96052,0.016668055
2/22/2018,1414,101389,0.013946286
2/23/2018,1514,94857,0.015960867
2/24/2018,1120,69908,0.016021056
2/25/2018,1332,64468,0.020661413
2/26/2018,1837,98722,0.018607808
2/27/2018,1488,99899,0.014895044
2/28/2018,1452,94232,0.015408778
3/1/2018,1382,97372,0.014192992
3/2/2018,1350,85611,0.015769002
3/3/2018,1496,57429,0.026049557
3/4/2018,1448,65232,0.022197694
3/5/2018,1955,94113,0.020772901
3/6/2018,1927,97146,0.019836123
3/7/2018,1558,94844,0.016426975
3/8/2018,1461,97858,0.014929796
3/9/2018,1428,89064,0.016033414
3/10/2018,1222,61906,0.019739605
3/11/2018,1410,60599,0.023267711
3/12/2018,1896,96086,0.019732323
3/13/2018,1908,102329,0.018645741
3/14/2018,2086,100386,0.02077979
3/15/2018,2319,109642,0.021150654
3/16/2018,1596,91435,0.017455023
3/17/2018,965,59799,0.016137394
3/18/2018,1252,62184,0.020133796
3/19/2018,2016,91824,0.021955044
3/20/2018,2557,100016,0.025565909
3/21/2018,2855,100590,0.028382543
3/22/2018,1991,85196,0.023369642
3/23/2018,1934,89471,0.021615943
3/24/2018,1147,44892,0.025550209
3/25/2018,1145,56365,0.020314025
3/26/2018,1605,82838,0.019375166
3/27/2018,1495,85560,0.017473118
3/28/2018,1835,89108,0.020592988
3/29/2018,1378,90832,0.015170865
3/30/2018,1034,78070,0.013244524
3/31/2018,555,54318,0.010217607
4/1/2018,703,53209,0.013212051
4/2/2018,1627,90341,0.018009542
4/3/2018,1761,102005,0.01726386
4/4/2018,2336,102505,0.022789132
4/5/2018,2177,103023,0.021131204
4/6/2018,2383,97062,0.024551318
4/7/2018,1466,67609,0.021683504
4/8/2018,1293,62677,0.020629577
4/9/2018,2109,96132,0.021938584
4/10/2018,1955,100296,0.019492303
4/11/2018,2063,97102,0.0212457
4/12/2018,1497,99733,0.015010077
4/13/2018,1396,95680,0.014590301
4/14/2018,901,59454,0.015154573
4/15/2018,1072,65326,0.016410005
4/16/2018,1261,90826,0.01388369
4/17/2018,1284,98324,0.013058867
4/18/2018,1710,100658,0.016988218
4/19/2018,1683,99935,0.016840947
4/20/2018,2299,91115,0.02523185
4/21/2018,1320,62601,0.021085925
4/22/2018,1577,63361,0.024889127
4/23/2018,1735,91163,0.019031844
4/24/2018,1809,96547,0.018736988
4/25/2018,1476,101669,0.0145177
4/26/2018,1531,102223,0.01497706
4/27/2018,1412,93750,0.015061333
4/28/2018,727,61095,0.011899501
4/29/2018,930,56195,0.016549515
4/30/2018,1424,86514,0.016459764
5/1/2018,1602,89279,0.017943749
5/2/2018,2036,92336,0.022049905
5/3/2018,1803,94590,0.019061212
5/4/2018,1768,85039,0.020790461
5/5/2018,1295,59561,0.021742415
5/6/2018,1521,56693,0.026828709
5/7/2018,2157,90584,0.023812152
5/8/2018,2158,102076,0.021141111
5/9/2018,2108,94758,0.022246143
5/10/2018,1753,96762,0.018116616
5/11/2018,1661,89020,0.018658728
5/12/2018,1410,55815,0.025262026
5/13/2018,1172,58004,0.020205503
5/14/2018,1796,92077,0.019505414
5/15/2018,2757,103271,0.026696749
5/16/2018,2019,98266,0.020546272
5/17/2018,2037,97492,0.020894022
5/18/2018,1621,88283,0.018361406
5/19/2018,922,59497,0.01549658
5/20/2018,1408,58409,0.024105874
5/21/2018,2145,84979,0.02524153
5/22/2018,2405,94262,0.025513993
5/23/2018,2113,97990,0.021563425
5/24/2018,1734,94878,0.018276102
5/25/2018,1094,84541,0.012940467
5/26/2018,841,57026,0.014747659
5/27/2018,1034,54896,0.018835616
5/28/2018,1418,71151,0.019929446
5/29/2018,2201,90171,0.024409178
5/30/2018,1776,96327,0.018437198
5/31/2018,1913,96460,0.019832055
6/1/2018,1926,88978,0.0216458
6/2/2018,1015,59185,0.017149616
6/3/2018,869,59588,0.014583473
6/4/2018,1743,90553,0.019248396
6/5/2018,2208,96726,0.022827368
6/6/2018,1964,94138,0.020862988
6/7/2018,1644,93129,0.017652933
6/8/2018,1284,87889,0.014609337
6/9/2018,819,54913,0.014914501
6/10/2018,753,55273,0.013623288
6/11/2018,1652,85864,0.019239728
6/12/2018,1806,91706,0.019693368
6/13/2018,1856,96279,0.019277309
6/14/2018,1417,95462,0.014843603
6/15/2018,1183,89160,0.013268282
6/16/2018,713,54300,0.013130755
6/17/2018,750,55516,0.013509619
6/18/2018,1458,94090,0.015495802
6/19/2018,1645,106475,0.015449636
6/20/2018,1589,100288,0.015844368
6/21/2018,1416,98482,0.014378262
6/22/2018,1616,87507,0.018467094
6/23/2018,1307,58642,0.02228778
6/24/2018,1734,63440,0.027332913
6/25/2018,2304,93000,0.024774194
6/26/2018,2125,96868,0.021937069
6/27/2018,2511,98724,0.025434545
6/28/2018,2057,95386,0.02156501
6/29/2018,1531,83095,0.018424695
6/30/2018,1110,55324,0.020063625
7/1/2018,1433,60744,0.023590807
7/2/2018,1802,93329,0.019308039
7/3/2018,1422,100218,0.014189068
7/4/2018,1018,85954,0.011843544
7/5/2018,1334,96825,0.013777434
7/6/2018,1289,87394,0.014749296
7/7/2018,762,56045,0.013596217
7/8/2018,858,55076,0.015578473
7/9/2018,1606,82219,0.019533198
7/10/2018,1460,89099,0.016386267
7/11/2018,1504,89163,0.016867983
7/12/2018,1517,89285,0.016990536
7/13/2018,2147,87001,0.024677877
7/14/2018,1330,56820,0.023407251
7/15/2018,1687,62883,0.0268276
7/16/2018,2642,88446,0.029871334
7/17/2018,2451,88698,0.027633092
7/18/2018,2539,93490,0.027157985
7/19/2018,2197,81659,0.026904567
7/20/2018,1991,87936,0.022641467
7/21/2018,1159,55009,0.02106928
7/22/2018,1086,54967,0.019757309
7/23/2018,1519,84134,0.018054532
7/24/2018,2006,92834,0.021608462
7/25/2018,2106,93120,0.022615979
7/26/2018,1824,92861,0.019642261
7/27/2018,1752,80291,0.021820627
7/28/2018,1366,51932,0.026303628
7/29/2018,1313,52042,0.025229622
7/30/2018,2001,98312,0.020353568
7/31/2018,2349,96576,0.024322813
8/1/2018,2461,93813,0.026233038
8/2/2018,2084,93105,0.022383331
8/3/2018,1704,83063,0.020514549
8/4/2018,1302,56401,0.023084697
8/5/2018,1097,57233,0.019167264
8/6/2018,1676,84223,0.019899552
8/7/2018,1879,89503,0.02099371
8/8/2018,2336,93415,0.025006691
8/9/2018,1917,87433,0.02192536
8/10/2018,1863,83380,0.022343488
8/11/2018,1006,54315,0.018521587
8/12/2018,945,54964,0.017193072
8/13/2018,1458,84305,0.017294348
8/14/2018,1817,86711,0.020954665
8/15/2018,1667,86430,0.019287285
8/16/2018,1392,76290,0.018246166
8/17/2018,1250,67952,0.018395338
8/18/2018,867,45862,0.01890454
8/19/2018,946,52163,0.01813546
8/20/2018,1776,91440,0.019422572
8/21/2018,2134,86715,0.024609352
8/22/2018,2033,89880,0.022619048
8/23/2018,2180,90293,0.024143621
8/24/2018,2072,82398,0.025146241
8/25/2018,1133,55817,0.020298475
8/26/2018,1006,54148,0.01857871
8/27/2018,1346,81758,0.016463221
8/28/2018,1946,79580,0.02445338
8/29/2018,1824,83424,0.021864212
8/30/2018,1570,78885,0.01990239
8/31/2018,1334,69350,0.019235761
9/1/2018,918,44657,0.020556688
9/2/2018,836,41406,0.020190311
9/3/2018,1532,54779,0.027966922
9/4/2018,1774,64303,0.027588137
9/5/2018,1911,60778,0.031442298
9/6/2018,1673,72572,0.023052968
9/7/2018,2407,83060,0.028979051
9/8/2018,1399,56542,0.024742669
9/9/2018,1040,56900,0.01827768
9/10/2018,1893,87615,0.021605889
9/11/2018,1807,89470,0.020196714
9/12/2018,2408,97041,0.024814254
9/13/2018,1959,87608,0.022360972
9/14/2018,1745,84743,0.020591671
9/15/2018,1545,59822,0.025826619
9/16/2018,922,53947,0.017090848
9/17/2018,2063,93759,0.022003221
9/18/2018,2266,101531,0.022318307
9/19/2018,2409,98349,0.024494403
9/20/2018,2356,96116,0.024512048
9/21/2018,2197,91129,0.024108681
9/22/2018,1606,62399,0.025737592
9/23/2018,2005,61028,0.032853772
9/24/2018,2521,90001,0.0280108
9/25/2018,2147,96050,0.022352941
9/26/2018,2703,102730,0.026311691
9/27/2018,2234,100909,0.022138759
9/28/2018,1903,84343,0.022562631
9/29/2018,1384,58260,0.023755578
9/30/2018,1105,55458,0.019924988
10/1/2018,1667,87948,0.018954382
10/2/2018,1877,90516,0.020736665
10/3/2018,2093,92051,0.022737396
10/4/2018,1906,86970,0.021915603
10/5/2018,2000,85312,0.023443361
10/6/2018,1802,56870,0.031686302
10/7/2018,1734,56678,0.030593881
10/8/2018,2822,78986,0.035727851
10/9/2018,3131,92394,0.033887482
10/10/2018,3236,98627,0.032810488
10/11/2018,2357,93823,0.025121772
10/12/2018,1960,80326,0.024400568
10/13/2018,1453,55123,0.026359233
10/14/2018,1588,53432,0.029720018
10/15/2018,2724,91451,0.029786443
10/16/2018,2714,93016,0.029177776
10/17/2018,2598,91444,0.028410831
10/18/2018,2490,90435,0.027533588
10/19/2018,3771,90689,0.041581669
10/20/2018,3238,70648,0.045832862
10/21/2018,2130,74002,0.028783006
10/22/2018,3422,109744,0.031181659
10/23/2018,3466,115358,0.030045597
10/24/2018,3427,115857,0.029579568
10/25/2018,3229,102945,0.031366264
10/26/2018,3339,90510,0.036890951
10/27/2018,1959,59323,0.033022605
10/28/2018,3336,67379,0.049510975
10/29/2018,3725,91444,0.040735313
10/30/2018,3545,92928,0.038147813
10/31/2018,3572,94726,0.03770876
11/1/2018,4001,90541,0.044189925
11/2/2018,3998,83220,0.048041336
11/3/2018,2230,54588,0.040851469
11/4/2018,2692,58532,0.045991936
11/5/2018,5623,97131,0.05789089
11/6/2018,9529,98704,0.096541174
11/7/2018,8420,92079,0.091443217
11/8/2018,4315,97698,0.044166718
11/9/2018,3859,101885,0.037876037
11/10/2018,3477,79691,0.043631025
11/11/2018,3447,78733,0.04378088
11/12/2018,4096,103055,0.039745767
11/13/2018,4868,112902,0.04311704
11/14/2018,5031,123501,0.040736512
11/15/2018,4677,121314,0.038552846
11/16/2018,2889,89047,0.032443541
11/17/2018,2152,64362,0.033435878
11/18/2018,2400,61053,0.039310108
11/19/2018,3150,93394,0.033728077
11/20/2018,2558,105757,0.024187524
11/21/2018,2154,100762,0.021377106
11/22/2018,2458,76101,0.032299181
11/23/2018,1133,52184,0.021711636
11/24/2018,1629,55883,0.029150189
11/25/2018,1221,56630,0.02156101
11/26/2018,1907,80350,0.023733665
11/27/2018,1871,85936,0.021772016
11/28/2018,2225,93709,0.023743717
11/29/2018,1857,102176,0.018174522
11/30/2018,1895,87113,0.021753355
12/1/2018,1125,54080,0.020802515
12/2/2018,1088,50765,0.021432089
12/3/2018,1579,94334,0.016738398
12/4/2018,1623,84772,0.019145473
12/5/2018,1622,79155,0.020491441
12/6/2018,1577,77401,0.020374414
12/7/2018,1671,86969,0.019213743
12/8/2018,1226,54337,0.022562895
12/9/2018,1303,54436,0.023936366
12/10/2018,1986,79938,0.024844254
12/11/2018,2274,78123,0.029107945
12/12/2018,1936,96927,0.019973795
12/13/2018,1637,89827,0.018223919
12/14/2018,1410,69761,0.020211866
12/15/2018,1129,50929,0.022168116
12/16/2018,833,39650,0.021008827
12/17/2018,1354,71255,0.019002175
12/18/2018,1594,78398,0.020332151
12/19/2018,1428,75220,0.018984313
12/20/2018,1386,68063,0.020363487
12/21/2018,738,38404,0.019216748
12/22/2018,683,43072,0.015857169
12/23/2018,827,39419,0.020979731
12/24/2018,881,39529,0.022287435
12/25/2018,438,20920,0.020936902
12/26/2018,945,47938,0.019712963
12/27/2018,1196,54630,0.021892733
12/28/2018,1370,56267,0.024348197
12/29/2018,957,37588,0.025460253
12/30/2018,1110,38330,0.02895904
12/31/2018,1357,52780,0.025710496
1/1/2019,929,41596,0.022333878
1/2/2019,1306,66372,0.019676972
1/3/2019,1496,70538,0.021208427
1/4/2019,1640,67385,0.024337761
1/5/2019,758,47465,0.015969662
1/6/2019,983,53642,0.018325193
1/7/2019,1521,83466,0.018222989
1/8/2019,1638,101624,0.01611824
1/9/2019,1854,80334,0.023078647
1/10/2019,1607,83064,0.019346528
1/11/2019,1523,74999,0.020306937
1/12/2019,1309,49814,0.026277753
1/13/2019,1001,49652,0.020160316
1/14/2019,1818,85109,0.021360843
1/15/2019,1900,88179,0.02154708
1/16/2019,1375,78535,0.017508117
1/17/2019,1418,90347,0.015695042
1/18/2019,1407,76343,0.01842998
1/19/2019,911,51480,0.017696193
1/20/2019,1160,53305,0.021761561
1/21/2019,1365,69521,0.019634355
1/22/2019,1623,79501,0.020414838
1/23/2019,1932,81756,0.023631293
1/24/2019,1758,76171,0.02307965
1/25/2019,1476,79140,0.018650493
1/26/2019,1047,50798,0.020611048
1/27/2019,1608,56917,0.028251665
1/28/2019,2417,85116,0.028396541
1/29/2019,1816,84725,0.021434051
1/30/2019,1941,85154,0.022793997
1/31/2019,1956,86580,0.022591823
2/1/2019,1812,81730,0.022170562
2/2/2019,1152,59130,0.019482496
2/3/2019,991,45501,0.021779741
2/4/2019,1779,73394,0.024239039
2/5/2019,1873,84955,0.022046966
2/6/2019,1896,88219,0.021491969
2/7/2019,1852,87182,0.021242917
2/8/2019,1833,83155,0.022043172
2/9/2019,1099,55360,0.019851879
2/10/2019,1065,55221,0.019286141
2/11/2019,1990,85580,0.023253097
2/12/2019,1679,95750,0.017535248
2/13/2019,1743,98535,0.017689146
2/14/2019,1719,82660,0.020796032
2/15/2019,2010,83720,0.0240086
2/16/2019,1168,48661,0.024002795
2/17/2019,1186,55877,0.021225191
2/18/2019,1793,76695,0.023378317
2/19/2019,1599,63896,0.025025041
2/20/2019,1477,66603,0.022176178
2/21/2019,1767,71988,0.024545758
2/22/2019,1561,70417,0.022167942
2/23/2019,1237,46251,0.026745368
2/24/2019,1193,48664,0.024515042
2/25/2019,1784,88243,0.020216901
2/26/2019,1832,95252,0.019233192
2/27/2019,2163,108880,0.019865907
2/28/2019,1922,116021,0.016565967
3/1/2019,1517,88641,0.017113977
3/2/2019,876,60259,0.014537248
3/3/2019,1460,66359,0.022001537
3/4/2019,1763,91487,0.019270497
3/5/2019,2105,96316,0.021855143
3/6/2019,1976,106272,0.018593797
3/7/2019,1934,99194,0.019497147
3/8/2019,2115,90587,0.023347721
3/9/2019,1488,64161,0.023191658
3/10/2019,1779,62327,0.028543007
3/11/2019,2121,74894,0.028320026
3/12/2019,2381,93152,0.025560374
3/13/2019,1969,97539,0.020186797
3/14/2019,2196,89684,0.024485973
3/15/2019,2259,102349,0.02207154
3/16/2019,1437,69288,0.020739522
3/17/2019,1408,71138,0.019792516
3/18/2019,1849,81788,0.022607228
3/19/2019,1996,92961,0.02147137
3/20/2019,2397,87906,0.027267763
3/21/2019,2204,81764,0.026955628
3/22/2019,1807,73224,0.024677701
3/23/2019,1420,52483,0.02705638
3/24/2019,1325,54892,0.024138308
3/25/2019,2377,79277,0.029983476
3/26/2019,2329,79088,0.02944821
3/27/2019,2083,80112,0.026001098
3/28/2019,1623,78706,0.020621045
3/29/2019,1776,70734,0.025108152
3/30/2019,1181,49230,0.023989437
3/31/2019,1461,49521,0.029502635
4/1/2019,1843,61799,0.029822489
4/2/2019,1879,60336,0.03114227
4/3/2019,1841,72309,0.025460178
4/4/2019,1853,72429,0.025583675
4/5/2019,2208,80180,0.027538039
4/6/2019,1562,54468,0.028677389
4/7/2019,1560,55751,0.027981561
4/8/2019,2549,79279,0.032152272
4/9/2019,2855,92655,0.030813232
4/10/2019,2879,97858,0.02942018
4/11/2019,2466,93807,0.026288017
4/12/2019,1864,89898,0.02073461
4/13/2019,1262,62781,0.020101623
4/14/2019,1211,61033,0.019841725
4/15/2019,2349,100847,0.023292711
4/16/2019,2152,98667,0.021810737
4/17/2019,2325,94006,0.024732464
4/18/2019,2353,90425,0.026021565
4/19/2019,1648,75249,0.021900623
4/20/2019,1014,56568,0.017925329
4/21/2019,1176,55970,0.021011256
4/22/2019,1948,77723,0.025063366
4/23/2019,2486,93666,0.026541114
4/24/2019,1918,94869,0.020217352
4/25/2019,1953,96435,0.020251983
4/26/2019,1901,85173,0.02231928
4/27/2019,1145,58656,0.019520595
4/28/2019,1564,59890,0.026114543
4/29/2019,2517,91420,0.027532269
4/30/2019,2126,93179,0.0228163
5/1/2019,1791,87263,0.020524163
5/2/2019,1769,91596,0.01931307
5/3/2019,2096,84935,0.024677695
5/4/2019,1354,61482,0.022022706
5/5/2019,1364,61379,0.022222584
5/6/2019,2404,91292,0.026333085
5/7/2019,2136,91075,0.023453198
5/8/2019,2253,90351,0.024936083
5/9/2019,1993,86809,0.022958449
5/10/2019,1949,87469,0.02228218
5/11/2019,1602,56891,0.028159111
5/12/2019,1547,56509,0.02737617
5/13/2019,2214,91533,0.024187998
5/14/2019,2403,100152,0.02399353
5/15/2019,2475,103532,0.023905652
5/16/2019,2275,96432,0.023591754
5/17/2019,1956,86066,0.022726745
5/18/2019,1515,60246,0.025146898
5/19/2019,1874,58539,0.032012846
5/20/2019,2307,90296,0.025549305
5/21/2019,2425,93226,0.026012057
5/22/2019,2937,98540,0.029805155
5/23/2019,4222,94537,0.044659763
5/24/2019,3121,89031,0.035055205
5/25/2019,1864,58495,0.031865971
5/26/2019,2328,59383,0.039203139
5/27/2019,2962,74567,0.039722666
5/28/2019,2488,96118,0.02588485
5/29/2019,2549,104146,0.024475256
5/30/2019,2284,88635,0.025768602
5/31/2019,1551,89388,0.017351322
6/1/2019,944,57560,0.016400278
6/2/2019,1007,57773,0.017430288
6/3/2019,1350,89298,0.01511792
6/4/2019,1896,93301,0.020321326
6/5/2019,1514,90807,0.016672723
6/6/2019,1526,92292,0.016534478
6/7/2019,1232,85034,0.014488322
6/8/2019,717,55374,0.012948315
6/9/2019,782,54509,0.014346255
6/10/2019,1197,85389,0.014018199
6/11/2019,1218,91390,0.013327498
6/12/2019,1392,96148,0.01447768
6/13/2019,1639,91975,0.01782006
6/14/2019,1232,85568,0.014397906
6/15/2019,1028,63699,0.016138401
6/16/2019,1024,56473,0.018132559
6/17/2019,1591,89038,0.017868775
6/18/2019,1279,91298,0.014009069
6/19/2019,1319,97215,0.013567865
6/20/2019,1296,93296,0.013891271
6/21/2019,1075,85773,0.012533082
6/22/2019,735,49171,0.014947835
6/23/2019,937,64480,0.014531638
6/24/2019,1283,83675,0.015333134
6/25/2019,1416,89847,0.015760126
6/26/2019,1548,93370,0.016579201
6/27/2019,1881,91991,0.020447652
6/28/2019,1513,86830,0.017424853
6/29/2019,760,58394,0.013015036
6/30/2019,780,60294,0.012936611
7/1/2019,1239,88904,0.013936381
7/2/2019,1227,89365,0.013730208
7/3/2019,1182,87457,0.013515213
7/4/2019,861,72911,0.011808918
7/5/2019,1088,73504,0.014801916
7/6/2019,823,56910,0.01446143
7/7/2019,984,52619,0.018700469
7/8/2019,1555,87654,0.017740206
7/9/2019,1441,92529,0.015573496
7/10/2019,1047,87416,0.011977212
7/11/2019,1284,93214,0.013774755
7/12/2019,1272,88621,0.014353257
7/13/2019,738,53140,0.013887843
7/14/2019,564,54662,0.010317954
7/15/2019,1234,91321,0.013512774
7/16/2019,1107,90410,0.012244221
7/17/2019,1232,94200,0.013078556
7/18/2019,886,85380,0.010377138
7/19/2019,910,81692,0.011139402
7/20/2019,580,54664,0.010610274
7/21/2019,738,55805,0.013224621
7/22/2019,1196,83685,0.014291689
7/23/2019,1075,86835,0.012379801
7/24/2019,1223,90285,0.013545993
7/25/2019,1628,85860,0.018961099
7/26/2019,1325,80501,0.016459423
7/27/2019,785,55263,0.014204802
7/28/2019,927,52887,0.017527937
7/29/2019,1216,78315,0.015527038
7/30/2019,1245,85090,0.014631567
7/31/2019,1306,88780,0.01471052
8/1/2019,1276,89117,0.014318256
8/2/2019,1011,75445,0.01340049
8/3/2019,1126,59665,0.018872036
8/4/2019,1129,63026,0.017913242
8/5/2019,1133,82625,0.013712557
8/6/2019,1092,82299,0.013268691
8/7/2019,1066,89252,0.01194371
8/8/2019,1093,85306,0.012812698
8/9/2019,1159,75947,0.015260642
8/10/2019,589,52664,0.011184111
8/11/2019,654,50270,0.013009747
8/12/2019,1198,77674,0.015423436
8/13/2019,1076,79744,0.013493178
8/14/2019,817,76094,0.01073672
8/15/2019,1331,77543,0.01716467
8/16/2019,754,77032,0.00978814
8/17/2019,631,49661,0.012706148
8/18/2019,663,52150,0.012713327
8/19/2019,1099,80799,0.013601653
8/20/2019,1215,84475,0.014382954
8/21/2019,1225,87634,0.013978593
8/22/2019,1197,84922,0.014095287
8/23/2019,886,81349,0.010891345
8/24/2019,699,55363,0.012625761
8/25/2019,731,52716,0.013866758
8/26/2019,1008,81691,0.012339181
8/27/2019,1116,87483,0.012756764
8/28/2019,538,33007,0.016299573
8/29/2019,683,50056,0.013644718
8/30/2019,1007,81051,0.012424276
8/31/2019,712,57679,0.012344181
9/1/2019,714,51967,0.013739489
9/2/2019,776,62892,0.012338612
9/3/2019,1006,76224,0.013197943
9/4/2019,1107,82182,0.013470103
9/5/2019,1197,80283,0.014909757
9/6/2019,1473,76484,0.01925893
9/7/2019,662,50878,0.013011518
9/8/2019,794,49542,0.016026806
9/9/2019,1550,77509,0.019997678
9/10/2019,1323,80163,0.016503873
9/11/2019,1273,80762,0.015762363
9/12/2019,1259,82417,0.015275975
9/13/2019,1099,77269,0.014223039
9/14/2019,928,54855,0.016917327
9/15/2019,1270,59405,0.021378672
9/16/2019,1251,78142,0.016009316
9/17/2019,1654,79891,0.020703208
9/18/2019,1562,83146,0.018786231
9/19/2019,1547,80707,0.019168102
9/20/2019,1282,79653,0.016094811
9/21/2019,683,51620,0.013231306
9/22/2019,1044,53641,0.019462724
9/23/2019,1133,78105,0.014506114
9/24/2019,1783,85186,0.020930669
9/25/2019,2134,82341,0.025916615
9/26/2019,1764,81184,0.021728419
9/27/2019,1314,76202,0.017243642
9/28/2019,967,51916,0.018626242
9/29/2019,1045,52853,0.01977182
9/30/2019,1357,78314,0.017327681
10/1/2019,1479,80253,0.018429218
10/2/2019,1306,82277,0.015873209
10/3/2019,1190,81545,0.014593169
10/4/2019,1354,77796,0.017404494
10/5/2019,748,53778,0.013909033
10/6/2019,726,51156,0.014191884
10/7/2019,1044,76445,0.013656877
10/8/2019,1169,76570,0.015267076
10/9/2019,1306,80147,0.016295058
10/10/2019,1329,77026,0.017253914
10/11/2019,1166,78132,0.014923463
10/12/2019,736,47992,0.015335889
10/13/2019,1020,51003,0.019998824
10/14/2019,1147,71347,0.016076359
10/15/2019,1710,87935,0.019446182
10/16/2019,1268,81254,0.015605386
10/17/2019,1372,82339,0.016662821
10/18/2019,1248,77291,0.01614677
10/19/2019,795,50760,0.015661939
10/20/2019,1121,48179,0.023267399
10/21/2019,1798,78132,0.023012338
10/22/2019,1526,82658,0.018461613
10/23/2019,1648,82162,0.020057934
10/24/2019,1734,80682,0.021491783
10/25/2019,1187,70984,0.016722078
10/26/2019,710,45073,0.015752224
10/27/2019,796,41927,0.018985379
10/28/2019,1065,60111,0.017717223
10/29/2019,1306,70000,0.018657143
10/30/2019,1398,82056,0.017037145
10/31/2019,1403,78923,0.01777682
11/1/2019,1367,74437,0.018364523
11/2/2019,898,49842,0.018016934
11/3/2019,596,26530,0.022465134
11/4/2019,1513,78488,0.019276832
11/5/2019,2388,83361,0.028646489
11/6/2019,2550,86250,0.029565217
11/7/2019,1340,81654,0.016410709
11/8/2019,1313,76898,0.017074566
11/9/2019,708,50869,0.013918103
11/10/2019,1136,49944,0.022745475
11/11/2019,1683,71877,0.023415001
11/12/2019,1798,76914,0.023376758
11/13/2019,1588,74938,0.021190851
11/14/2019,1674,80398,0.020821413
11/15/2019,2020,82694,0.024427407
11/16/2019,786,50311,0.015622826
11/17/2019,1196,50540,0.023664424
11/18/2019,1584,76316,0.020755805
11/19/2019,1423,80091,0.01776729
11/20/2019,1632,82590,0.019760262
11/21/2019,1834,80125,0.022889236
11/22/2019,1560,77208,0.02020516
11/23/2019,1083,50856,0.021295422
11/24/2019,1117,50158,0.022269628
11/25/2019,1608,77608,0.020719513
11/26/2019,1399,78798,0.017754258
11/27/2019,988,75574,0.013073279
11/28/2019,765,62211,0.012296861
11/29/2019,827,65882,0.012552746
11/30/2019,503,31010,0.016220574
12/1/2019,530,27181,0.019498915
12/2/2019,1402,82866,0.016918881
12/3/2019,1480,83245,0.017778846
12/4/2019,1380,80852,0.017068223
12/5/2019,1498,82362,0.018187999
12/6/2019,1258,72547,0.017340483
12/7/2019,711,49093,0.014482716
12/8/2019,881,50115,0.017579567
12/9/2019,1610,76962,0.020919415
12/10/2019,1983,83480,0.023754193
12/11/2019,1473,80335,0.018335719
12/12/2019,1774,82871,0.021406765
12/13/2019,1757,74679,0.023527364
12/14/2019,751,48734,0.015410186
12/15/2019,1141,56611,0.020155094
12/16/2019,1490,76124,0.019573328
12/17/2019,1475,79947,0.018449723
12/18/2019,1703,81476,0.020901861
12/19/2019,1482,78491,0.018881146
12/20/2019,1075,73425,0.01464079
12/21/2019,448,48747,0.009190309
12/22/2019,761,49434,0.015394263
12/23/2019,1102,67849,0.016241949
12/24/2019,637,52947,0.012030899
12/25/2019,528,40584,0.013010053
12/26/2019,1199,58582,0.020467038
12/27/2019,967,59223,0.016328116
12/28/2019,463,44478,0.010409641
12/29/2019,484,46177,0.010481408
12/30/2019,1016,63340,0.016040417
12/31/2019,1239,59005,0.02099822
1/1/2020,1072,50130,0.021384401
1/2/2020,1159,75441,0.015362999
1/3/2020,984,78100,0.012599232
1/4/2020,743,52682,0.014103489
1/5/2020,747,55730,0.013403912
1/6/2020,1252,75635,0.016553183
1/7/2020,1084,82234,0.013181896
1/8/2020,926,79503,0.011647359
1/9/2020,1136,83193,0.013654995
1/10/2020,1086,76796,0.014141362
1/11/2020,535,49973,0.010705781
1/12/2020,659,51152,0.012883172
1/13/2020,1288,77621,0.016593448
1/14/2020,1416,82214,0.017223344
1/15/2020,1877,92390,0.020316052
1/16/2020,1422,82737,0.01718699
1/17/2020,1006,77381,0.013000607
1/18/2020,789,50450,0.015639247
1/19/2020,795,51165,0.015537965
1/20/2020,1176,72596,0.01619924
1/21/2020,1392,90350,0.015406752
1/22/2020,1598,94261,0.016952929
1/23/2020,1452,86055,0.01687293
1/24/2020,1427,80671,0.017689132
1/25/2020,838,52674,0.015909177
1/26/2020,751,52886,0.014200355
1/27/2020,1372,80646,0.017012623
1/28/2020,1489,86591,0.017195782
1/29/2020,1379,85422,0.016143382
1/30/2020,1178,77826,0.01513633
1/31/2020,970,67287,0.01441586
2/1/2020,598,47627,0.012555903
2/2/2020,645,47110,0.013691361
2/3/2020,1240,61612,0.020125949
2/4/2020,1703,64391,0.026447795
2/5/2020,1465,67200,0.021800595
2/6/2020,1283,66635,0.019254146
2/7/2020,1460,74386,0.019627349
2/8/2020,889,53933,0.016483415
2/9/2020,1073,58134,0.018457357
2/10/2020,1941,89082,0.021788914
2/11/2020,2148,92421,0.023241471
2/12/2020,1492,92110,0.016198024
2/13/2020,1216,87392,0.013914317
2/14/2020,990,79594,0.012438123
2/15/2020,1144,64894,0.017628748
2/16/2020,838,52696,0.015902535
2/17/2020,1093,76459,0.014295243
2/18/2020,1351,92564,0.014595307
2/19/2020,1345,101078,0.013306555
2/20/2020,1396,100588,0.013878395
2/21/2020,1867,88691,0.021050614
2/22/2020,1203,60564,0.019863285
2/23/2020,1008,59984,0.016804481
2/24/2020,1595,88973,0.017926787
2/25/2020,1676,95882,0.017479819
2/26/2020,1314,99300,0.013232628
2/27/2020,1512,100267,0.015079737
2/28/2020,1440,94707,0.01520479
2/29/2020,882,62469,0.014119003
3/1/2020,1065,61742,0.017249198
3/2/2020,2461,100273,0.024542998
3/3/2020,3323,110816,0.029986645
3/4/2020,2268,106611,0.021273602
3/5/2020,1613,107085,0.015062801
3/6/2020,1108,93234,0.011884077
3/7/2020,613,66613,0.009202408
3/8/2020,640,60741,0.01053654
3/9/2020,1176,96141,0.012232034
3/10/2020,1412,92631,0.015243277
3/11/2020,1367,111405,0.012270544
3/12/2020,1097,113758,0.009643278
3/13/2020,1373,103782,0.013229654
3/14/2020,892,62396,0.014295788
3/15/2020,1760,93467,0.018830175
3/16/2020,1868,106630,0.017518522
3/17/2020,2254,114890,0.019618766
3/18/2020,1525,113888,0.013390348
3/19/2020,879,113174,0.007766802
3/20/2020,896,103899,0.00862376
3/21/2020,568,64712,0.008777352
3/22/2020,486,65373,0.007434262
3/23/2020,839,103611,0.008097596
3/24/2020,857,111552,0.007682516
3/25/2020,699,106077,0.006589553
3/26/2020,771,105962,0.007276193
3/27/2020,666,102621,0.0064899
3/28/2020,421,59256,0.007104766
3/29/2020,392,62831,0.006238958
3/30/2020,589,100786,0.005844066
3/31/2020,1019,116489,0.008747607
4/1/2020,1204,114209,0.010542076
4/2/2020,1028,114030,0.009015171
4/3/2020,983,108730,0.009040743
4/4/2020,749,65158,0.011495135
4/5/2020,417,59569,0.007000285
4/6/2020,1190,102191,0.011644861
4/7/2020,1392,108353,0.012846899
4/8/2020,1730,107738,0.016057473
4/9/2020,987,93584,0.010546675
4/10/2020,758,81888,0.009256546
4/11/2020,1508,91110,0.016551421
4/12/2020,803,82279,0.009759477
4/13/2020,1593,114996,0.013852656
4/14/2020,1089,83065,0.013110215
4/15/2020,2048,148913,0.013752997
4/16/2020,1018,120132,0.008474012
4/17/2020,863,106971,0.008067607
4/18/2020,727,77163,0.009421614
4/19/2020,693,73869,0.009381473
4/20/2020,883,108983,0.008102181
4/21/2020,1220,124249,0.009818993
4/22/2020,811,117791,0.006885076
4/23/2020,982,118567,0.008282237
4/24/2020,744,104259,0.007136075
4/25/2020,422,63000,0.006698413
4/26/2020,397,60883,0.006520704
4/27/2020,1172,107740,0.01087804
4/28/2020,1089,111032,0.009807983
4/29/2020,877,110234,0.007955803
4/30/2020,789,108265,0.007287674
5/1/2020,723,96035,0.007528505
5/2/2020,377,62493,0.006032676
5/3/2020,566,62214,0.009097631
5/4/2020,701,103583,0.00676752
5/5/2020,1141,110194,0.010354466
5/6/2020,1460,126453,0.011545792
5/7/2020,1435,133463,0.010752044
5/8/2020,972,113953,0.008529832
5/9/2020,437,62827,0.006955608
5/10/2020,390,65026,0.005997601
5/11/2020,860,105469,0.008154055
5/12/2020,1293,107130,0.012069448
5/13/2020,1027,109438,0.009384309
5/14/2020,800,109768,0.007288099
5/15/2020,1639,138687,0.011817979
5/16/2020,667,62780,0.010624403
5/17/2020,550,63281,0.008691392
5/18/2020,857,102650,0.008348758
5/19/2020,1045,107032,0.009763435
5/20/2020,1356,107200,0.012649254
5/21/2020,1015,109680,0.009254194
5/22/2020,711,102780,0.006917688
5/23/2020,502,61881,0.008112345
5/24/2020,609,59436,0.010246315
5/25/2020,789,81045,0.009735332
5/26/2020,936,103511,0.009042517
5/27/2020,1124,108566,0.010353149
5/28/2020,1249,108707,0.0114896
5/29/2020,996,102039,0.009760974
5/30/2020,417,68226,0.006112039
5/31/2020,415,73466,0.005648872
6/1/2020,914,106997,0.008542296
6/2/2020,1535,114821,0.013368635
6/3/2020,2211,132348,0.016705957
6/4/2020,1900,146705,0.01295116
6/5/2020,1725,125971,0.013693628
6/6/2020,729,72246,0.010090524
6/7/2020,616,67084,0.009182517
6/8/2020,1019,104147,0.009784247
6/9/2020,1390,106779,0.013017541
6/10/2020,1477,111111,0.013293013
6/11/2020,1508,111672,0.013503833
6/12/2020,960,101230,0.009483355
6/13/2020,564,68474,0.008236703
6/14/2020,796,69992,0.011372728
6/15/2020,1442,121795,0.011839566
6/16/2020,1128,108361,0.010409649
6/17/2020,1185,110884,0.010686844
6/18/2020,1339,110822,0.012082439
6/19/2020,917,100348,0.009138199
6/20/2020,586,65094,0.009002366
6/21/2020,454,63731,0.007123692
6/22/2020,1399,101265,0.013815237
6/23/2020,1737,109124,0.015917672
6/24/2020,1412,106670,0.013237086
6/25/2020,1218,112514,0.01082532
6/26/2020,1001,102304,0.009784564
6/27/2020,759,64151,0.01183146
6/28/2020,1080,65489,0.016491319
6/29/2020,1588,105499,0.015052275
6/30/2020,1257,108244,0.011612653
7/1/2020,1168,105639,0.011056523
7/2/2020,1241,101669,0.012206277
7/3/2020,1125,104562,0.010759167
7/4/2020,746,73496,0.010150212
7/5/2020,954,74737,0.012764762
7/6/2020,1115,100652,0.011077773
7/7/2020,1327,121521,0.010919923
7/8/2020,1467,121864,0.01203801
7/9/2020,1922,126490,0.015194877
7/10/2020,1700,129061,0.013172066
7/11/2020,974,100153,0.009725121
7/12/2020,975,86703,0.011245286
7/13/2020,1646,113063,0.014558255
7/14/2020,1542,118300,0.013034658
7/15/2020,1986,131727,0.015076636
7/16/2020,1154,117404,0.009829307
7/17/2020,949,108911,0.008713537
7/18/2020,791,69505,0.011380476
7/19/2020,849,70016,0.0121258
7/20/2020,1169,109154,0.01070964
7/21/2020,1498,118871,0.012601896
7/22/2020,1764,129696,0.013601036
7/23/2020,1363,118429,0.011509005
7/24/2020,708,57820,0.012244898
7/25/2020,162,9862,0.016426688
7/26/2020,204,11742,0.017373531
7/27/2020,427,24786,0.017227467
7/28/2020,564,37981,0.01484953
7/29/2020,1108,90422,0.012253655
7/30/2020,2430,115383,0.021060295
7/31/2020,2047,106856,0.019156622
8/1/2020,778,69002,0.011275036
8/2/2020,750,66724,0.011240333
8/3/2020,1555,107310,0.014490728
8/4/2020,1062,64481,0.016469968
8/5/2020,670,23473,0.028543433
8/6/2020,716,31297,0.022877592
8/7/2020,1297,48188,0.026915415
8/8/2020,1151,63965,0.017994216
8/9/2020,1489,74250,0.020053872
8/10/2020,1955,112547,0.017370521
8/11/2020,1924,121266,0.015865948
8/12/2020,1521,120047,0.012670038
8/13/2020,2461,121756,0.020212556
8/14/2020,1916,112130,0.017087309
8/15/2020,1950,85765,0.022736548
8/16/2020,1578,74250,0.021252525
8/17/2020,2458,116899,0.021026698
8/18/2020,3077,120750,0.025482402
8/19/2020,2413,118785,0.020314013
8/20/2020,2011,122910,0.016361565
8/21/2020,2056,110397,0.018623694
8/22/2020,1141,72849,0.015662535
8/23/2020,1193,75744,0.015750422
8/24/2020,1781,112805,0.015788307
8/25/2020,1591,122357,0.013002934
8/26/2020,1550,126444,0.012258391
8/27/2020,1494,123730,0.012074679
8/28/2020,1854,113725,0.016302484
8/29/2020,1076,75825,0.01419057
8/30/2020,880,73647,0.011948891
8/31/2020,1470,114195,0.012872718
9/1/2020,1782,124059,0.014364133
9/2/2020,1817,121900,0.01490566
9/3/2020,2041,122545,0.016655106
9/4/2020,1745,114219,0.015277668
9/5/2020,1002,77572,0.012917032
9/6/2020,1003,75998,0.013197716
9/7/2020,1130,100178,0.011279922
9/8/2020,1847,132631,0.013925854
9/9/2020,1886,149388,0.012624843
9/10/2020,2439,156779,0.01555693
9/11/2020,1973,142162,0.013878533
9/12/2020,1197,95709,0.012506661
9/13/2020,1156,97812,0.011818591
9/14/2020,2148,140992,0.015234907
9/15/2020,2966,167805,0.017675278
9/16/2020,2183,157376,0.013871238
9/17/2020,2420,150834,0.016044128
9/18/2020,2481,146256,0.016963407
9/19/2020,1492,98638,0.015126016
9/20/2020,1515,96154,0.015755975
9/21/2020,2543,152825,0.016639948
9/22/2020,3127,154035,0.020300581
9/23/2020,2839,160143,0.017727906
9/24/2020,3240,158774,0.020406364
9/25/2020,3064,142996,0.021427173
9/26/2020,1633,97524,0.016744596
9/27/2020,1490,97567,0.015271557
9/28/2020,2638,148411,0.017774963
9/29/2020,2930,158784,0.018452741
9/30/2020,3214,158861,0.020231523
10/1/2020,2934,158242,0.018541222
10/2/2020,2423,140890,0.017197814
10/3/2020,1409,103599,0.013600517
10/4/2020,1193,97821,0.012195745
10/5/2020,2435,138233,0.017615186
10/6/2020,3003,162359,0.018496049
10/7/2020,3178,165454,0.019207756
10/8/2020,2947,154694,0.019050513
10/9/2020,2776,143609,0.019330265
10/10/2020,1676,94017,0.017826563
10/11/2020,1439,94369,0.015248652
10/12/2020,2804,141376,0.019833635
10/13/2020,3594,156606,0.022949312
10/14/2020,3206,159562,0.020092503
10/15/2020,3647,164489,0.022171695
10/16/2020,3260,145593,0.022391186
10/17/2020,1689,95316,0.017720005
10/18/2020,1812,94870,0.019099821
10/19/2020,3456,148823,0.023222217
10/20/2020,3583,158360,0.022625663
10/21/2020,3677,159973,0.022985129
10/22/2020,4345,161626,0.026883051
10/23/2020,3323,145828,0.022787119
10/24/2020,2369,97085,0.024401298
10/25/2020,2007,92233,0.021760108
10/26/2020,3659,145663,0.025119625
10/27/2020,3962,156993,0.025236794
10/28/2020,4493,160266,0.028034642
10/29/2020,4500,160224,0.02808568
10/30/2020,4009,146978,0.027276191
10/31/2020,2573,100737,0.025541757
11/1/2020,2749,105683,0.026011752
11/2/2020,6272,146703,0.042753045
11/3/2020,8705,156875,0.05549004
11/4/2020,8999,159758,0.056328948
11/5/2020,6800,152004,0.044735665
11/6/2020,6068,140354,0.043233538
11/7/2020,4629,104165,0.044439111
11/8/2020,3130,97090,0.03223813
11/9/2020,5089,150354,0.033846788
11/10/2020,4943,154029,0.032091359
11/11/2020,4063,149660,0.027148203
11/12/2020,4076,157333,0.025906835
11/13/2020,3711,144920,0.025607232
11/14/2020,1774,86690,0.020463721
11/15/2020,2462,102889,0.0239287
11/16/2020,3120,147525,0.021148958
11/17/2020,3330,152202,0.021878819
11/18/2020,3401,141501,0.024035166
11/19/2020,3064,154639,0.019813889
11/20/2020,2979,142893,0.020847767
11/21/2020,1536,95219,0.016131234
11/22/2020,1965,98166,0.020017114
11/23/2020,2947,145168,0.020300617
11/24/2020,2526,149457,0.016901182
11/25/2020,1960,148404,0.013207191
11/26/2020,1755,123105,0.014256123
11/27/2020,2086,126538,0.016485167
11/28/2020,1336,88810,0.015043351
11/29/2020,1454,97589,0.01489922
11/30/2020,3104,143687,0.021602511
12/1/2020,2975,154041,0.01931304
12/2/2020,2605,152491,0.017082975
12/3/2020,2565,154035,0.01665206
12/4/2020,2467,143065,0.01724391
12/5/2020,1769,93190,0.018982723
12/6/2020,1905,94945,0.020064248
12/7/2020,2602,143616,0.018117758
12/8/2020,2331,144618,0.016118326
12/9/2020,2617,147851,0.017700252
12/10/2020,2467,151136,0.016323047
12/11/2020,2361,136708,0.017270387
12/12/2020,1459,92634,0.015750157
12/13/2020,1346,92424,0.014563317
12/14/2020,2841,143554,0.019790462
12/15/2020,2582,148983,0.017330836
12/16/2020,1956,151261,0.012931291
12/17/2020,1882,134151,0.014028967
12/18/2020,1752,136294,0.012854564
12/19/2020,1132,89830,0.012601581
12/20/2020,1157,92178,0.012551802
12/21/2020,1835,137431,0.013352155
12/22/2020,2368,138285,0.017124055
12/23/2020,1936,132739,0.014585013
12/24/2020,1288,104888,0.012279765
12/25/2020,794,77281,0.010274194
12/26/2020,1141,81129,0.014064021
12/27/2020,1194,88447,0.01349961
12/28/2020,1273,123503,0.010307442
12/29/2020,1888,127887,0.014763033
12/30/2020,2253,129352,0.017417589
12/31/2020,1605,108307,0.014818987
